Keyword,Intent,Volume,Keyword Difficulty,CPC (USD),SERP Features
indoor games for kids,Informational,4400,25,0.00,"Sitelinks, AI Overview, Image, Video, Video carousel, People also ask, Related searches, Popular products"
indoor games for 6-12 year olds,Informational,1300,17,0.25,"Sitelinks, AI Overview, Video, Video carousel, Short videos, People also ask, Discussions and forums, Related searches, Popular products"
indoor games for 6 12 year olds,Informational,590,7,0.25,"Sitelinks, AI Overview, Video, Video carousel, Short videos, People also ask, Discussions and forums, Related searches, Popular products, Ads middle"
fun indoor games for kids,Informational,390,19,0.00,"Sitelinks, AI Overview, Image, Video, Video carousel, People also ask, Related searches"
kids indoor games,Informational,320,26,0.00,"Sitelinks, Image, Image pack, Video, Video carousel, Short videos, People also ask, Local pack, Related searches, Ads middle"
large group kid games indoor,Informational,320,17,0.00,"Sitelinks, AI Overview, Image, Video, Video carousel, People also ask, Discussions and forums, Related searches"
indoor games for kids no equipment,Informational,210,23,0.00,"Sitelinks, AI Overview, Image, Video, Video carousel, Short videos, People also ask, Related searches"
indoor games to play with kids,Informational,210,21,0.00,"Sitelinks, AI Overview, Image, Video, Video carousel, People also ask, Discussions and forums, Related searches, Ads bottom"
indoor games for 6-12 year olds without equipment,Informational,170,22,0.13,"Sitelinks, AI Overview, Image, Video, Video carousel, People also ask, Discussions and forums, Related searches"
kids indoor game zone for sale,Transactional,170,19,0.00,"Sitelinks, Reviews, Video, Local pack, Related searches, Popular products"
indoor games for 6 12 year olds without equipment,Informational,140,28,0.43,"Sitelinks, AI Overview, Video, Video carousel, People also ask, Related searches"
indoor group games for kids,Informational,140,23,0.00,"Sitelinks, AI Overview, Video, Video carousel, People also ask, Related searches"
indoor kids games,Informational,140,24,0.00,"Sitelinks, AI Overview, Video, People also ask, Related searches"
kids games indoor,Informational,140,19,0.00,"Sitelinks, AI Overview, Image, Video, Video carousel, Short videos, People also ask, Local pack, Related searches, Popular products"
indoor christmas party games for kids,Informational,110,12,0.00,"Sitelinks, AI Overview, Video, Video carousel, Short videos, Related searches"
active indoor games for kids,Informational,90,10,0.00,"Sitelinks, AI Overview, Video, Video carousel, People also ask, Related searches, Popular products"
games for kids indoor,Informational,90,19,0.00,"Sitelinks, Video, Video carousel, People also ask, Local pack, Related searches, Popular products"
games to play indoors with kids,Informational,90,22,0.00,"Sitelinks, AI Overview, Reviews, Video, Video carousel, People also ask, Related searches"
games to play with 3 year olds indoors,Informational,90,13,0.12,"Sitelinks, AI Overview, Video, Video carousel, People also ask, Related searches, Ads bottom, Ads middle"
indoor active games for kids,Informational,90,23,0.00,"Sitelinks, AI Overview, Video, Video carousel, People also ask, Related searches"
party games for 10 year olds indoor,Informational,90,11,0.17,"Sitelinks, AI Overview, Video, Video carousel, Discussions and forums, Related searches"
party games for 12 year olds indoors,Informational,90,22,0.14,"Sitelinks, AI Overview, Image, Video, Video carousel, People also ask, Discussions and forums, Related searches, Popular products"
party games for 3 year olds indoors,Informational,90,10,0.16,"Sitelinks, AI Overview, Video, Video carousel, People also ask, Related searches, Popular products"
games to play with kids indoors,Informational,70,22,0.00,"Sitelinks, AI Overview, Video, Video carousel, People also ask, Related searches"
group games for kids indoors,Informational,70,22,0.00,"Sitelinks, AI Overview, Video, Video carousel, People also ask, Discussions and forums, Related searches"
indoor game for kids,Informational,70,34,0.00,"Sitelinks, AI Overview, Image pack, Video, Video carousel, Short videos, People also ask, Related searches, Popular products"
indoor kid games,Informational,70,28,0.00,"Sitelinks, AI Overview, Image, Video, Video carousel, Short videos, People also ask, Local pack, Discussions and forums, Related searches"
indoor party games for 6 year olds,Informational,70,23,0.18,"Sitelinks, AI Overview, Image, Video, Video carousel, People also ask, Discussions and forums, Related searches"
indoor party games for kids,Informational,70,19,0.00,"Sitelinks, AI Overview, Image, Video, Video carousel, Short videos, People also ask, Discussions and forums, Related searches"
kids party games indoor,Informational,70,28,0.00,"Sitelinks, AI Overview, Video, Video carousel, Discussions and forums, Related searches"
large group kid games indoor no equipment,Informational,70,11,0.00,"Sitelinks, AI Overview, Reviews, Image, Video, Video carousel, Short videos, People also ask, Discussions and forums, Related searches, Ads bottom, Ads middle"
party games for 10 year olds indoors,,70,,0.13,
party games for 5 year olds indoors,Informational,70,16,0.15,"Sitelinks, AI Overview, Video, Video carousel, People also ask, Discussions and forums, Related searches"
party games for 7 year olds indoors,Informational,70,26,0.15,"Sitelinks, AI Overview, Video, Video carousel, People also ask, Discussions and forums, Related searches, Popular products"
best indoor games for kids,Commercial,50,26,0.00,"Sitelinks, AI Overview, Image, Video, Video carousel, Short videos, People also ask, Discussions and forums, Related searches, Popular products"
easter games for kids indoors,,50,,0.00,
easy indoor games for kids,Informational,50,14,0.00,"Sitelinks, AI Overview, Image, Video, Video carousel, People also ask, Related searches, Ads bottom"
games to play with 2 year olds indoors,Informational,50,15,0.17,"Sitelinks, AI Overview, Video, Video carousel, Short videos, People also ask, Discussions and forums, Related searches"
indoor christmas games for kids,"Informational, Commercial",50,17,0.00,"Sitelinks, AI Overview, Reviews, Image, Image pack, Video, Video carousel, Short videos, People also ask, Related searches"
indoor church games for kids,Informational,50,9,0.00,"Sitelinks, AI Overview, Image, Video, Video carousel, Discussions and forums, Related searches"
indoor classroom games for kids,Informational,50,21,0.00,"Sitelinks, AI Overview, Image, Video, People also ask"
indoor games for 3 year olds,Commercial,50,18,0.15,"Featured snippet, Sitelinks, Video, Video carousel, Short videos, People also ask, Related searches, Popular products, Ads middle"
indoor games for 5 year olds,Informational,50,9,0.20,"Sitelinks, AI Overview, Image, Video, Video carousel, Short videos, People also ask, Related searches, Popular products, Ads bottom"
indoor games for 8-10 year olds,Commercial,50,22,0.00,"Sitelinks, Video, Video carousel, People also ask, Related searches, Popular products, Ads bottom, Ads middle"
active kid games indoor,Informational,40,20,0.00,"Sitelinks, AI Overview, Image, Video, Video carousel, People also ask, Related searches"
birthday party games for 3 year olds indoors,,40,,0.17,
fun indoor games to play with kids,Informational,40,3,0.00,"Sitelinks, AI Overview, Image, Video, Video carousel, People also ask, Discussions and forums, Related searches"
indoor basketball game for kids,Commercial,40,23,0.00,"Sitelinks, Image, Video, Video carousel, Related searches, Popular products"
indoor games for 10 12 year olds,Informational,40,14,0.22,"Sitelinks, AI Overview, Image, Video, Video carousel, Short videos, People also ask, Discussions and forums, Related searches, Ads bottom"
indoor games for 10-12 year olds,Informational,40,17,0.25,"Sitelinks, AI Overview, Video, Video carousel, Short videos, People also ask, Discussions and forums, Related searches, Popular products"
indoor games for 2 year olds,Informational,40,16,0.20,"Sitelinks, AI Overview, Video, Video carousel, Short videos, People also ask, Related searches"
indoor games for 9-12 year olds,,40,,0.33,
indoor games for kids at school,Informational,40,25,0.00,"Sitelinks, AI Overview, Image, Video, Video carousel, People also ask, Discussions and forums, Related searches, Ads bottom"
indoor games for three year olds,Informational,40,13,0.15,"Sitelinks, AI Overview, Video, Video carousel, People also ask, Related searches, Ads bottom, Ads middle"
indoor movement games for kids,,40,,0.00,
indoor sports games for kids,,40,,0.00,
kids easter games indoor,,40,,0.00,
minute to win it games for kids indoors,,40,,0.00,
party games for 2 year olds indoors,Informational,40,8,0.20,"Sitelinks, AI Overview, Image, Image pack, Video, Video carousel, People also ask, Related searches"
party games for 6 year olds indoors,Informational,40,13,0.19,"Sitelinks, AI Overview, Video, Video carousel, People also ask, Discussions and forums, Related searches"
party games for 9 year olds indoors,Informational,40,17,0.18,"Sitelinks, AI Overview, Image pack, Video, Video carousel, People also ask, Discussions and forums, Related searches, Popular products"
party games for kids indoor,,40,,0.00,
party games indoor for 6 12 year olds,Informational,40,10,0.00,"Sitelinks, AI Overview, Video, Video carousel, People also ask, Discussions and forums, Related searches"
balloon games for kids indoor,,30,,0.00,
best indoor games for 5 year olds,,30,,0.00,
birthday party indoor games for 10 year olds,,30,,0.10,
christmas party games for kids indoor,,30,,0.00,
fun games for kids indoor,,30,,0.00,
games for kids indoors,,30,,0.00,
indoor easter games for kids,,30,,0.00,
indoor games for 1 year old birthday party,,30,,0.00,
indoor games for 10 year olds,,30,,0.15,
indoor games for 4 year olds,,30,,0.10,
indoor games for 6 12 year olds with 2 people,,30,,0.00,
indoor games for 9 12 year olds,,30,,0.33,
indoor games for four year olds,,30,,0.10,
indoor games for kids at home,,30,,0.00,
indoor party games for 13 year olds,,30,,0.15,
indoor winter olympic games for kids,,30,,0.00,
kids birthday party games indoor,,30,,0.00,
kids group games indoor,,30,,0.00,
party games for 4 year olds indoors,,30,,0.11,
party games for 6 year olds indoor party,,30,,0.14,
party games for 8 year olds indoor,,30,,0.11,
party games for 8 year olds indoors,,30,,0.11,
active indoor games for 6 12 year olds,,20,,0.00,
best indoor games for 10 year olds,,20,,0.00,
best indoor games for 3 year olds,,20,,0.24,
best indoor games for 7 year olds,,20,,0.00,
birthday games for 10 year olds indoor,,20,,0.20,
birthday games for 5 year olds indoor,,20,,0.37,
birthday games for 6 year olds indoors,,20,,0.00,
birthday party games for 10 year olds indoor,,20,,0.10,
birthday party games for 4 year olds indoors,,20,,0.22,
birthday party games for 5 year olds indoor,,20,,0.00,
birthday party games for 6 year olds indoors,,20,,0.21,
birthday party games for 7 year olds indoor,,20,,0.18,
birthday party games for 7 year olds indoors,,20,,0.18,
birthday party games for 8 year olds indoor,,20,,0.24,
birthday party games for 9 year olds indoor,,20,,0.10,
birthday party games for 9 year olds indoors,,20,,0.00,
birthday party indoor games for 5 year olds,,20,,0.17,
christmas games for kids indoors,,20,,0.00,
easy kids games indoor,,20,,0.00,
fun easter games for kids indoors,,20,,0.00,
fun games to play indoors with kids,,20,,0.00,
fun games to play with 5 year olds indoor,,20,,0.00,
fun games to play with kids indoors,,20,,0.00,
fun indoor games for 10 year olds,,20,,0.00,
fun indoor games for 11 year olds,,20,,0.00,
fun indoor games for 2 year olds,,20,,0.00,
fun indoor games for 3 year olds,,20,,0.18,
fun indoor games for 4 year olds,,20,,0.14,
fun indoor games for 5 year olds,,20,,0.00,
fun indoor games to play with 10 year olds,,20,,0.00,
fun indoor kids games,,20,,0.00,
games for 6 8 year olds indoor,,20,,0.00,
games to play with 1 year olds indoors,,20,,0.00,
games to play with 10 year olds indoors,,20,,0.00,
games to play with 4 year olds indoors,,20,,0.70,
games to play with 5 year olds indoors,,20,,0.62,
games to play with 6 year olds indoors,,20,,0.00,
games to play with 8 year olds indoors,,20,,0.00,
halloween games for kids indoors,,20,,0.00,
indoor birthday games for 10 year olds,,20,,0.10,
indoor birthday games for 3 year olds,,20,,0.00,
indoor birthday games for 6 year olds,,20,,0.00,
indoor birthday games for 7 year olds,,20,,0.00,
indoor birthday games for 8 year olds,,20,,0.00,
indoor birthday games for 9 year olds,,20,,0.00,
indoor birthday party games for 11 year olds,,20,,0.00,
indoor birthday party games for 12 year olds,,20,,0.00,
indoor birthday party games for 13 year olds,,20,,0.00,
indoor birthday party games for 2 year olds,,20,,0.00,
indoor birthday party games for 3 year olds,,20,,0.14,
indoor birthday party games for 5 year olds indoors,,20,,0.00,
indoor birthday party games for 6 year olds,,20,,0.18,
indoor birthday party games for 7 year olds,,20,,0.17,
indoor birthday party games for 8 year olds,,20,,0.15,
indoor birthday party games for 9 year olds,,20,,0.10,
indoor birthday party games for kids,,20,,0.00,
indoor board games for 6 12 year olds,,20,,0.00,
indoor carnival games for kids,,20,,0.00,
indoor circle games for kids,,20,,0.00,
indoor game ideas for 10 year olds,,20,,0.00,
indoor game ideas for kids,,20,,0.00,
indoor games activities for 8 year olds,,20,,0.00,
indoor games for 1 year olds,,20,,0.00,
indoor games for 11 year olds,,20,,0.00,
indoor games for 12 year olds,,20,,0.21,
indoor games for 13 year olds,,20,,0.00,
indoor games for 14 year olds,,20,,0.00,
indoor games for 15 year olds,,20,,0.00,
indoor games for 18 month old,,20,,0.00,
indoor games for 2 3 year olds,,20,,0.00,
indoor games for 3 4 year olds,,20,,0.20,
indoor games for 3 5 year olds,,20,,0.20,
indoor games for 3 and 4 year olds,,20,,0.20,
indoor games for 3 to 5 year olds,,20,,0.00,
indoor games for 5 6 year olds,,20,,0.00,
indoor games for 5 8 year olds,,20,,0.00,
indoor games for 6 12 year olds at home,,20,,0.00,
indoor games for 6 12 year olds free download,,20,,0.00,
indoor games for 6 12 year olds indoors,,20,,3.06,
indoor games for 6 7 year olds,,20,,0.00,
indoor games for 6 year olds,,20,,0.19,
indoor games for 6-12 year olds near me,,20,,0.00,
indoor games for 7 year olds,,20,,0.19,
indoor games for 8 10 year olds,,20,,0.00,
indoor games for 8 12 year olds,,20,,0.18,
indoor games for 8 year olds,,20,,0.10,
indoor games for 9 year olds,,20,,0.00,
indoor games for kids near me,,20,,0.00,
indoor games for large groups of kids,,20,,0.00,
indoor games for old people,,20,,0.66,
indoor games for two year olds,,20,,0.23,
indoor games kids,,20,,0.00,
indoor games to play with 2 year olds,,20,,0.00,
indoor games to play with 3 year olds,,20,,0.03,
indoor games to play with 4 year olds,,20,,0.28,
indoor games to play with 5 year olds,,20,,0.05,
indoor games to play with 6 year olds,,20,,0.00,
indoor games with kids,,20,,0.00,
indoor games without toys for 5 year olds,,20,,0.00,
indoor golf games for kids,,20,,0.00,
indoor group games for 6 12 year olds,,20,,0.00,
indoor halloween games for kids,,20,,0.00,
indoor olympic games for kids,,20,,0.00,
indoor party games 8 year olds,,20,,0.20,
indoor party games for 10 year olds,,20,,0.35,
indoor party games for 11 year olds,,20,,0.00,
indoor party games for 16 year olds,,20,,0.12,
indoor party games for 18 year olds,,20,,0.48,
indoor party games for 2 year olds,,20,,0.00,
indoor party games for 4 year olds,,20,,0.00,
indoor party games for 5 year olds,,20,,0.17,
indoor party games for 8 year olds,,20,,0.21,
indoor party games for 9 year olds,,20,,0.00,
indoor physical games for 6-12 year olds,,20,,0.00,
indoor soccer games for kids,,20,,0.00,
indoor team building games for 10 12 year olds,,20,,0.58,
indoor team building games for 10-12 year olds,,20,,0.00,
indoor team games for kids,,20,,0.00,
indoor winter games for kids,,20,,0.00,
kid party games indoor,,20,,0.00,
kids christmas party games indoor,,20,,0.00,
kids indoor games ideas,,20,,0.00,
old fashioned games indoor,,20,,0.00,
old fashioned indoor games,,20,,0.00,
old indoor games,,20,,0.00,
old people games indoor,,20,,0.00,
party games for 1 year olds indoors,,20,,0.00,
party games for 11 year olds indoor,,20,,0.00,
party games for 13 year olds indoors,,20,,0.09,
small group kid games indoor,,20,,0.00,
team building games for kids indoor,,20,,0.00,
winter games for kids indoor,,20,,0.00,
active games for kids indoors,,10,,0.00,
active indoor entertainment for kids instead of video games,,10,,0.00,
active kids games indoor,,10,,0.00,
bible games for kids indoor,,10,,0.00,
birthday games for 10 year olds indoors,,10,,0.00,
birthday games for kids indoor,,10,,0.00,
birthday indoor games 5 year olds,,10,,0.00,
birthday party games for 10 year olds indoors,,10,,0.21,
birthday party games for kids indoor,,10,,0.00,
christmas game for kids indoor,,10,,0.00,
christmas games for kids indoor,,10,,0.00,
church games for kids indoors,,10,,0.00,
creative indoor games for kids,,10,,0.00,
easter egg games for kids indoor,,10,,0.00,
easter indoor games for kids,,10,,0.00,
easy christmas games for kids indoors,,10,,0.00,
easy kids christmas games indoor,,10,,0.00,
fall games for kids indoors,,10,,0.00,
fun easy indoor games for kids,,10,,0.00,
fun games for kids indoors,,10,,0.00,
fun games to play indoors for 12 year olds,,10,,0.00,
fun group games for kids indoors,,10,,0.00,
fun indoor birthday party games for 12 year olds,,10,,0.00,
fun indoor game for kids,,10,,0.00,
fun indoor games for kids at home,,10,,0.00,
fun indoor games for kids no equipment,,10,,0.00,
fun indoor group games for kids,,10,,0.00,
fun indoor party games for 5 year olds,,10,,0.00,
fun indoor party games for kids,,10,,0.00,
fun kids games indoors,,10,,0.00,
games for 5 year olds indoor,,10,,0.18,
games for 6-8 year olds indoor,,10,,0.00,
games for kids birthday party indoor,,10,,0.00,
games for kids party indoor,,10,,0.00,
games for kids to play indoors,,10,,0.00,
games indoor for kids,,10,,0.00,
games to play indoor with kids,,10,,0.00,
games to play with kids indoor,,10,,0.00,
games with kids indoor,,10,,0.00,
good indoor games for kids,,10,,0.00,
group games for kids indoor,,10,,0.00,
group indoor games for kids,,10,,0.00,
group kids games indoor,,10,,0.00,
halloween games for 10 year olds indoors,,10,,0.00,
halloween indoor games for kids,,10,,0.00,
halloween party games for kids indoors,,10,,0.00,
indoor active games for 6-12 year olds,,10,,0.00,
indoor activity games for kids,,10,,0.00,
indoor baseball games for kids,,10,,0.00,
indoor basketball games for kids,,10,,0.00,
indoor birthday party games for 10 year olds,,10,,0.10,
indoor birthday party games for 10 year olds indoors,,10,,0.00,
indoor birthday party games for 12 year olds indoors,,10,,0.00,
indoor birthday party games for 4 year olds,,10,,0.18,
indoor bowling games for kids,,10,,0.00,
indoor camp games for kids,,10,,0.00,
indoor christmas party games for kids free,,10,,0.00,
indoor curling game for kids,,10,,0.00,
indoor easter egg games for kids,,10,,0.00,
indoor field day games for kids,,10,,0.00,
indoor fun games for kids,,10,,0.00,
indoor game ideas for 3 year olds,,10,,0.00,
indoor game ideas for 5 year olds,,10,,0.00,
indoor games 3 year olds,,10,,0.16,
indoor games 4 year olds,,10,,0.10,
indoor games and activities for kids,,10,,0.00,
indoor games for 1-2 year olds,,10,,0.00,
indoor games for 10 15 year olds,,10,,0.00,
indoor games for 11 12 year olds,,10,,0.00,
indoor games for 11 year old birthday party,,10,,0.00,
indoor games for 12-14 year olds,,10,,0.00,
indoor games for 19 month old,,10,,0.00,
indoor games for 2-3 year olds,,10,,0.00,
indoor games for 3-5 year olds,,10,,0.08,
indoor games for 4-5 year olds,,10,,0.00,
indoor games for 4-6 year olds,,10,,0.00,
indoor games for 5 7 year olds,,10,,0.00,
indoor games for 5-6 year olds,,10,,0.00,
indoor games for 5-8 year olds,,10,,0.00,
indoor games for 6 12 year olds for birthday party,,10,,0.26,
indoor games for 6 12 year olds no equipment,,10,,0.00,
indoor games for 6-12 year olds at home,,10,,0.00,
indoor games for 6-12 year olds online,,10,,0.00,
indoor games for adults and kids near me,,10,,0.00,
indoor games for elementary kids,,10,,0.00,
indoor games for groups of kids,,10,,0.00,
indoor games for kids 10 years,,10,,0.00,
indoor games for kids and adults,,10,,0.00,
indoor games for kids birthday parties,,10,,0.00,
indoor games for kids birthday party,,10,,0.00,
indoor games for kids north myrtle beach,,10,,0.00,
indoor games for kids oc,,10,,0.00,
indoor games for kids to play,,10,,0.00,
indoor games for kids with household items,,10,,0.00,
indoor games for little kids,,10,,0.00,
indoor games for older kids,,10,,0.00,
indoor games for school age kids,,10,,0.00,
indoor games for young kids,,10,,0.00,
indoor games for.kids,,10,,0.00,
indoor games ideas for kids,,10,,0.00,
indoor golf game for kids,,10,,0.00,
indoor group games for 5 year olds,,10,,0.00,
indoor gym games for kids,,10,,0.00,
indoor kids games ideas,,10,,0.00,
indoor kids games to play,,10,,0.00,
indoor kids party games,,10,,0.00,
indoor outdoor games for kids,,10,,0.00,
indoor party games 6 year olds,,10,,0.14,
indoor party games for 12 year olds,,10,,0.14,
indoor party games for 16 year-olds,,10,,0.12,
indoor party games for 16-year olds,,10,,0.00,
indoor party games for 18-year olds,,10,,0.48,
indoor party games for 7 year olds,,10,,0.15,
indoor physical games for kids,,10,,0.00,
indoor relay games for kids,,10,,0.00,
indoor running games for kids,,10,,0.00,
indoor snowball games for kids,,10,,0.00,
indoor sports games kids,,10,,0.00,
indoor summer camp games kids,,10,,0.00,
indoor team building games for kids,,10,,0.00,
kid games indoor,,10,,0.00,
kids birthday games indoor,,10,,0.00,
kids christmas games ideas indoor,,10,,0.00,
kids game indoor,,10,,0.00,
kids game table indoor,,10,,0.00,
kids games at home indoor,,10,,0.00,
kids games for christmas party indoor,,10,,0.00,
kids games indoor ideas,,10,,0.00,
kids games indoors,,10,,0.00,
kids halloween party games indoor,,10,,0.00,
kids holiday games indoor,,10,,0.00,
kids indoor birthday party games,,10,,0.00,
kids indoor easter games,,10,,0.00,
kids indoor games near me,,10,,0.00,
kids indoor party games,,10,,0.00,
kids new years eve games indoor,,10,,0.00,
kids playing circle memory game indoors,,10,,0.00,
kids xmas games indoor,,10,,0.00,
movement games for kids indoors,,10,,0.00,
new years kids games indoor,,10,,0.00,
old time indoor games,,10,,0.00,
olympic games for kids indoors,,10,,0.00,
party games 6 year olds indoor,,10,,0.14,
party games for 14 15 year olds indoors,,10,,0.00,
party games for 5 year olds indoors no equipment,,10,,0.00,
quiet indoor games for kids,,10,,0.00,
simple indoor games for kids,,10,,0.00,
summer camp games for kids indoor,,10,,0.00,
team games for kids indoor,,10,,0.00,
winter indoor games for kids,,10,,0.00,
10 indoor games for kids,,0,,0.00,
10 year old indoor birthday party games,,0,,0.00,
10 year old party games indoor,,0,,0.00,
11 year old birthday party indoor games,,0,,0.00,
11 year old indoor party games,,0,,0.00,
11-year-old girl activities alone bored indoor crafts games hobbies,,0,,0.00,
12 year old indoor party games,,0,,0.00,
12 years old indoor birthday party games,,0,,0.00,
13 year old indoor party games,,0,,0.00,
14 year old boy indoor party games,,0,,0.00,
2 player indoor games for kids,,0,,0.00,
2 year old indoor games,,0,,0.00,
2 year old party games indoor,,0,,0.00,
2018 kids indoor games,,0,,0.00,
3 year old birthday party games indoor,,0,,0.00,
3 year old birthday party games indoors,,0,,0.00,
3 year old indoor games,,0,,0.00,
3 year old party games indoors,,0,,0.00,
3-4 year old indoor games,,0,,0.00,
3-5 year old indoor games,,0,,0.00,
4 year old birthday games indoor,,0,,0.00,
4 year old birthday party games indoor,,0,,0.00,
4 year old birthday party games indoors,,0,,0.00,
4 year old games indoor,,0,,0.00,
4 year old indoor birthday party games,,0,,0.00,
4 year old party games indoors,,0,,0.00,
41 fun indoor games for kids to play at home,,0,,0.00,
45+ fun indoor games for kids of all ages categorized,,0,,0.00,
4th of july indoor games for kids,,0,,0.00,
5 in 1 indoor games for kids target,,0,,0.00,
5 indoor games for kids,,0,,0.00,
5 year old birthday games for indoors,,0,,0.00,
5 year old birthday party games indoor,,0,,0.00,
5 year old birthday party games indoors,,0,,0.00,
5 year old indoor birthday party game ideas,,0,,0.00,
5 year old indoor birthday party games,,0,,0.00,
5 year old indoor party games,,0,,0.00,
5 year old party games indoor,,0,,0.00,
5 yr old indoor party games,,0,,0.00,
6 year old birthday party games indoors,,0,,0.00,
6 year old indoor party games,,0,,0.00,
6 year old party games indoor,,0,,0.00,
7 year old birthday party games indoor,,0,,0.00,
7 year old boy indoor birthday party games,,0,,0.00,
7 year old indoor party games,,0,,0.00,
7 year old party games indoor,,0,,0.00,
7-9 year old indoor games for rainy days,,0,,0.00,
9 year old indoor birthday party games,,0,,0.00,
9 year old indoor game,,0,,0.00,
90s kids games indoor,,0,,0.00,
90s kids indoor games,,0,,0.00,
action games for kids indoor,,0,,0.00,
active gentle indoor games for kids,,0,,0.00,
active gentle indoor games for kids 10 years old,,0,,0.00,
active indoor activities for kids alternatives to video games,,0,,0.00,
active indoor activities for kids instead of video games,,0,,0.00,
active indoor entertainment ideas for kids instead of video games,,0,,0.00,
active indoor games for 6-12 year olds,,0,,0.00,
active indoor games for 612 year olds,,0,,0.00,
active indoor games for kids to play,,0,,0.00,
active indoor games home for older kids,,0,,0.00,
active indoor games to play at home with older kids,,0,,0.00,
activity game for kids indoor,,0,,0.00,
activity games for kids indoor,,0,,0.00,
activity indoor games for kids,,0,,0.00,
allintitle indoor exercise games for kids,,0,,0.00,
animal games for kids indoor,,0,,0.00,
arcade basketball game kids indoor,,0,,0.00,
arcade games kids indoor,,0,,0.00,
balancing games for kids indoor,,0,,0.00,
ball games for kids indoor,,0,,0.00,
balloon volleyball kids indoor game,,0,,0.00,
barcelona vs la galaxy kids game indoor,,0,,0.00,
basketball game for kids indoor,,0,,0.00,
basketball hoop game indoor electronic arcade sports kids 2 players,,0,,0.00,
bean bag games for kids indoor,,0,,0.00,
benefits of indoor games for kids,,0,,0.00,
best actice indoor games for kids,,0,,0.00,
best games for kids indoor,,0,,0.00,
best indoor game for boys 3 yrs old,,0,,0.00,
best indoor game for kids,,0,,0.00,
best indoor games for 11 year olds,,0,,0.00,
best indoor games for 12 year old boy,,0,,0.00,
best indoor games for 12+ year old boys,,0,,0.00,
best indoor games for 13 year old birthday party,,0,,0.00,
best indoor games for 8 year olds,,0,,0.00,
best indoor games for adults and kids,,0,,0.00,
best indoor games for kids 2025 2026,,0,,0.00,
best indoor games for kids and adults,,0,,0.00,
best indoor games for kids at home,,0,,0.00,
best indoor games for kids near me,,0,,0.00,
best indoor games for kids no equipment,,0,,0.00,
best indoor games for kids party,,0,,0.00,
best indoor games for kids to play with friends,,0,,0.00,
best indoor games for kids winter,,0,,0.00,
best indoor games kids,,0,,0.00,
best indoor games with a son 2-3 years old,,0,,0.00,
best indoor kids games,,0,,0.00,
best indoor party games for kids,,0,,0.00,
best indoor party games kids,,0,,0.00,
best indoor sports games for kids,,0,,0.00,
best kids indoor games,,0,,0.00,
best kids party games kids party games indoor,,0,,0.00,
best winter themed games for kids indoors,,0,,0.00,
birthday games for 4 year olds indoor,,0,,0.00,
birthday games indoor 30 kids,,0,,0.00,
birthday games indoor for kids,,0,,0.00,
birthday indoor games for kids,,0,,0.00,
birthday kids games indoor,,0,,0.00,
birthday party games for 11 year olds indoor,,0,,0.00,
birthday party games for 13 year olds indoor,,0,,0.00,
birthday party games for 3 year olds indoor,,0,,0.00,
birthday party games for 310year olds indoor,,0,,0.00,
birthday party games for 5 year olds indoors,,0,,0.00,
birthday party games for 8 year olds indoors,,0,,0.00,
birthday party games for kids indoors,,0,,0.00,
birthday party games fun easy indoor games for kids,,0,,0.00,
birthday party games indoor for kids,,0,,0.00,
birthday party indoor games for kids,,0,,0.00,
board games for kids indoor,,0,,0.00,
board indoor games for kids,,0,,0.00,
buy indoor games for kids,,0,,0.00,
camp games for kids indoor,,0,,0.00,
chinese games for kids indoor,,0,,0.00,
christian indoor games for kids,,0,,0.00,
christian indoor puzzle games for kids,,0,,0.00,
christian indoor table games for kids,,0,,0.00,
christian kid games indoors,,0,,0.00,
christian kids indoor games,,0,,0.00,
christmas game ideas for kids indoor,,0,,0.00,
christmas games for 3 year olds indoors,,0,,0.00,
christmas games for kids party indoors,,0,,0.00,
christmas indoor games for kids,,0,,0.00,
christmas kids games indoor,,0,,0.00,
christmas kids party games indoor,,0,,0.00,
christmas party game ideas for kids indoor,,0,,0.00,
christmas party games for 12 year olds indoors,,0,,0.00,
christmas party games for kids indoors,,0,,0.00,
christmas party games kids indoor,,0,,0.00,
christmas themed games for kids indoors,,0,,0.00,
chuck e cheese indoor games and activities for kids,,0,,0.00,
church kid games indoors,,0,,0.00,
circle games for kids indoors,,0,,0.00,
circle games to play with kids indoors,,0,,0.00,
civil war era indoor games for older kids,,0,,0.00,
classic group indoor games for kids,,0,,0.00,
classic indoor kids games,,0,,0.00,
classic indoor party games for kids,,0,,0.00,
classic kid games indoors,,0,,0.00,
classic kids games indoor,,0,,0.00,
columbia md hotel indoor pool kids game room,,0,,0.00,
cool cheap indoor carnival games for 5-12 year olds,,0,,0.00,
cool games to play with kids indoors,,0,,0.00,
cool indoor games for kids,,0,,0.00,
coyote indoor games for kids,,0,,0.00,
creative games for kids indoor,,0,,0.00,
creative indoor games for a 3-year-old,,0,,0.00,
creative indoor games for kids age 7,,0,,0.00,
cup games for kids indoor,,0,,0.00,
detroit hotels indoor kid pool game room,,0,,0.00,
different indoor games for kids,,0,,0.00,
different types of indoor games for kids,,0,,0.00,
diwali party games for kids indoor,,0,,0.00,
diy christmas games for kids indoors,,0,,0.00,
diy games for kids indoor,,0,,0.00,
diy indoor birthday party games for kids,,0,,0.00,
diy indoor games for kids,,0,,0.00,
diy indoor kid games,,0,,0.00,
diy party games for kids indoors,,0,,0.00,
do video games keep kids indoors,,0,,0.00,
easter games for kids indoor,,0,,0.00,
easter kids games indoor,,0,,0.00,
easter party games for kids indoors,,0,,0.00,
easy and fun indoor games for kids,,0,,0.00,
easy fall indoor games for kids,,0,,0.00,
easy fun games for kids indoor,,0,,0.00,
easy game for kids indoor,,0,,0.00,
easy games for kids indoor,,0,,0.00,
easy games to play with kids indoors,,0,,0.00,
easy indoor birthday party games for kids,,0,,0.00,
easy indoor game for kids,,0,,0.00,
easy indoor games for 2 5 year olds,,0,,0.00,
easy indoor games for groups of kids,,0,,0.00,
easy indoor games for six year olds,,0,,0.00,
easy indoor kids games,,0,,0.00,
easy indoor party games for kids,,0,,0.00,
easy indoor vbs games for kids,,0,,0.00,
easy kids party games indoor,,0,,0.00,
easy party games for kids indoors,,0,,0.00,
ecr4kids junior 4-to-score game-indoor outdoor 4-in-a-row for kids & adults,,0,,0.00,
educational indoor games for kids,,0,,0.00,
electronic kids indoor arcade games,,0,,0.00,
engaging indoor games for kids,,0,,0.00,
event games for kids indoor,,0,,0.00,
fall indoor games for kids,,0,,0.00,
family indoor games with kids,,0,,0.00,
favorite indoor outdoor game for kid 7-10,,0,,0.00,
filipino games indoor for kids,,0,,0.00,
filipino indoor games for kids,,0,,0.00,
football games for kids indoor,,0,,0.00,
football theme games for kids indoor,,0,,0.00,
free indoor games for kids,,0,,0.00,
free indoor games for kids near me,,0,,0.00,
free indoor games for kids no equipment,,0,,0.00,
freeze dance kids indoor game,,0,,0.00,
full/primary level b personal fun indoor classroom games for kids,,0,,0.00,
fun active games for kids indoors,,0,,0.00,
fun active indoor games fod kids,,0,,0.00,
fun active indoor games for kids,,0,,0.00,
fun family games to play indoors for kids,,0,,0.00,
fun game for kids indoor,,0,,0.00,
fun games for 12 year olds indoors,,0,,0.00,
fun games for 4 year olds to play indoors,,0,,0.00,
fun games for kid parties indoors,,0,,0.00,
fun games for kids birthday party indoor,,0,,0.00,
fun games for kids to play indoors,,0,,0.00,
fun games for little kids indoor,,0,,0.00,
fun games indoor for kids,,0,,0.00,
fun games to play for kids indoor,,0,,0.00,
fun games to play for kids indoors,,0,,0.00,
fun games to play indoor with kids,,0,,0.00,
fun games to play indoors for 10 year olds,,0,,0.00,
fun games to play with a kid indoors,,0,,0.00,
fun games to play with friends indoors 13 year olds,,0,,0.00,
fun games to play with kids indoor,,0,,0.00,
fun games with kids indoor,,0,,0.00,
fun group games for kids indoor,,0,,0.00,
fun indoor active games for kids,,0,,0.00,
fun indoor ball games for kids,,0,,0.00,
fun indoor birthday party games for 10 year old boys,,0,,0.00,
fun indoor birthday party games for kids,,0,,0.00,
fun indoor boot camp games for kids,,0,,0.00,
fun indoor carnival games for kids,,0,,0.00,
fun indoor christmas games for kids,,0,,0.00,
fun indoor craft games for kids,,0,,0.00,
fun indoor exercise games for kids,,0,,0.00,
fun indoor floor games for kids,,0,,0.00,
fun indoor games and activities for kids,,0,,0.00,
fun indoor games for 2 yr olds,,0,,0.00,
fun indoor games for 3 4 year olds,,0,,0.00,
fun indoor games for 3 yr olds,,0,,0.00,
fun indoor games for 6 8 year olds,,0,,0.00,
fun indoor games for 7 10 year olds,,0,,0.00,
fun indoor games for 7 10 yr olds,,0,,0.00,
fun indoor games for 7 year olds,,0,,0.00,
fun indoor games for 8 year olds,,0,,0.00,
fun indoor games for a 2 year old,,0,,0.00,
fun indoor games for a 4 year old birthday party,,0,,0.00,
fun indoor games for afterschool kids,,0,,0.00,
fun indoor games for four year olds,,0,,0.00,
fun indoor games for kid,,0,,0.00,
fun indoor games for kid groups,,0,,0.00,
fun indoor games for kids 2020,,0,,0.00,
fun indoor games for kids at church,,0,,0.00,
fun indoor games for kids at school,,0,,0.00,
fun indoor games for kids birthday party,,0,,0.00,
fun indoor games for kids in little rock ar,,0,,0.00,
fun indoor games for kids near me,,0,,0.00,
fun indoor games for kids of all ages,,0,,0.00,
fun indoor games for kids teamwork,,0,,0.00,
fun indoor games for kids to play,,0,,0.00,
fun indoor games for kids under 6,,0,,0.00,
fun indoor games for ten year olds,,0,,0.00,
fun indoor games for three year olds,,0,,0.00,
fun indoor games for young kids,,0,,0.00,
fun indoor games kids,,0,,0.00,
fun indoor games to paly with kids,,0,,0.00,
fun indoor games to play with 5 year olds,,0,,0.00,
fun indoor games with kids,,0,,0.00,
fun indoor games with kids of all ages,,0,,0.00,
fun indoor group kid games,,0,,0.00,
fun indoor gym games for kids,,0,,0.00,
fun indoor kid games,,0,,0.00,
fun indoor kid party games,,0,,0.00,
fun indoor kid school games,,0,,0.00,
fun indoor kids party games,,0,,0.00,
fun indoor or outdoor games for 13 year olds,,0,,0.00,
fun indoor party games 10 year olds,,0,,0.00,
fun indoor party games for 10 year olds,,0,,0.00,
fun indoor party games for 11 year olds,,0,,0.00,
fun indoor party games for 12 year olds,,0,,0.00,
fun indoor party games for 4 year olds,,0,,0.00,
fun indoor party games for 6 year olds,,0,,0.00,
fun indoor pe games for kids,,0,,0.00,
fun indoor sports games for kids,,0,,0.00,
fun indoor winter games for kids,,0,,0.00,
fun inexpensive kid birthday party games indoor,,0,,0.00,
fun kid birthday party games indoor,,0,,0.00,
fun kid games indoors,,0,,0.00,
fun kid games to play indoors,,0,,0.00,
fun kid group games indoor,,0,,0.00,
fun kid party games indoors,,0,,0.00,
fun kids games indoor,,0,,0.00,
fun kids indoor games,,0,,0.00,
fun kids party games indoor,,0,,0.00,
fun party games for kids indoor,,0,,0.00,
fun party games for kids indoors,,0,,0.00,
fun sports games for kids indoors,,0,,0.00,
fun spring games for kids indoors,,0,,0.00,
funny games for kids indoor,,0,,0.00,
funny indoor games for kids,,0,,0.00,
funny kid party games indoors,,0,,0.00,
game for kid indoor walmart,,0,,0.00,
game for kids at home indoors,,0,,0.00,
game for kids birthday party indoor,,0,,0.00,
game for kids indoor,,0,,0.00,
game for kids indoor party 20 kids,,0,,0.00,
game ideas for kids indoor,,0,,0.00,
game indoor for kids,,0,,0.00,
game kids indoor playground,,0,,0.00,
games for 10 year old birthday party indoor,,0,,0.00,
games for 10 year old birthday party indoors,,0,,0.00,
games for 10 year olds indoor,,0,,0.00,
games for 14 15 year olds indoor,,0,,0.00,
games for 20-30 kids indoor,,0,,0.00,
games for 4 year old birthday party indoor,,0,,0.00,
games for 6 year old birthday party indoor,,0,,0.00,
games for 6 year old party indoor,,0,,0.00,
games for 68 year olds indoor,,0,,0.00,
games for a group of kids to play indoors,,0,,0.00,
games for bday party kids indoor,,0,,0.00,
games for big groups indoors kids,,0,,0.00,
games for birthday party at home for kids indoor,,0,,0.00,
games for birthday party for kids indoor,,0,,0.00,
games for indoor kids,,0,,0.00,
games for kids 10 12s indoor,,0,,0.00,
games for kids at home indoor,,0,,0.00,
games for kids in school indoor,,0,,0.00,
games for kids indoor birthday party,,0,,0.00,
games for kids indoor for teachers,,0,,0.00,
games for kids indoor games,,0,,0.00,
games for kids indoor in school,,0,,0.00,
games for kids indoor near me,,0,,0.00,
games for kids indoor nerf hoop,,0,,0.00,
games for kids indoor no equipment,,0,,0.00,
games for kids indoor party,,0,,0.00,
games for kids parties indoor,,0,,0.00,
games for kids to play at home indoors,,0,,0.00,
games for kids to play indoor,,0,,0.00,
games for kids to play indoors for movie night,,0,,0.00,
games for large groups of kids indoor,,0,,0.00,
games for small kids indoor,,0,,0.00,
games for small kids indoors,,0,,0.00,
games for.kids indoor,,0,,0.00,
games ideas for kids indoor,,0,,0.00,
games indoor kids,,0,,0.00,
games indoors for 2 year olds,,0,,0.00,
games indoors for kids,,0,,0.00,
games kids can play indoors,,0,,0.00,
games kids indoor,,0,,0.00,
games small kids indoor,,0,,0.00,
games to do with kids indoors,,0,,0.00,
games to play at a birthday party for kids indoor,,0,,0.00,
games to play at birthday party indoor 7 year olds,,0,,0.00,
games to play at home with kids indoors,,0,,0.00,
games to play at kids birthday party indoors,,0,,0.00,
games to play for kids indoor,,0,,0.00,
games to play indoor for kids,,0,,0.00,
games to play indoors for kids,,0,,0.00,
games to play indoors ith kids,,0,,0.00,
games to play indoors with 10 year olds,,0,,0.00,
games to play indoors with 2 year old,,0,,0.00,
games to play indoors with 4 year olds,,0,,0.00,
games to play indoors with 4 year olds print out,,0,,0.00,
games to play indoors with 5 year olds,,0,,0.00,
games to play with 1 year old indoors,,0,,0.00,
games to play with 2 year old indoors,,0,,0.00,
games to play with 2 year olds indoors at home,,0,,0.00,
games to play with 3 year old boy indoors,,0,,0.00,
games to play with 4 year olds indoor,,0,,0.00,
games to play with 6-8 kids indoors,,0,,0.00,
games to play with a 2 year old indoors,,0,,0.00,
games to play with friends indoor for kids,,0,,0.00,
games to play with friends indoor kids,,0,,0.00,
games to play with kids at home indoors,,0,,0.00,
games to play with kids in class indoors,,0,,0.00,
games to play with kids indoors at home,,0,,0.00,
games to play with kids indoors classroom,,0,,0.00,
games to play with kids indoors creative,,0,,0.00,
games to play with kids indoors environment,,0,,0.00,
games to play with kids indoors for prizes,,0,,0.00,
games to play with kids indoors group,,0,,0.00,
games to play with little kids indoors,,0,,0.00,
games to play with one year old indoors,,0,,0.00,
games with balloons for 6 year olds indoor party,,0,,0.00,
games with kids in an indoor place,,0,,0.00,
get to know you indoor games for kids,,0,,0.00,
good indoor games for 11 year olds,,0,,0.00,
good indoor games for 3 year olds,,0,,0.00,
good indoor games for kids under 2,,0,,0.00,
good indoor games for kids under 2 and outdoors,,0,,0.00,
good indoor kid games,,0,,0.00,
good kindergarden games kids recess indoor,,0,,0.00,
great indoor games for kids,,0,,0.00,
great indoor group games for elementary kids,,0,,0.00,
group game for kids indoor,,0,,0.00,
group games for kids birthday party indoor,,0,,0.00,
group games for kids indoors team building,,0,,0.00,
group games indoor for kids,,0,,0.00,
group games kids indoors,,0,,0.00,
group indoor game kids,,0,,0.00,
group indoor kid games,,0,,0.00,
group kid games indoor,,0,,0.00,
group kid games indoors,,0,,0.00,
halloween game ideas for kids indoor,,0,,0.00,
halloween games for kids indoor,,0,,0.00,
halloween games for kids parties indoor,,0,,0.00,
halloween games for kids party indoors,,0,,0.00,
halloween games kids indoor,,0,,0.00,
halloween kid games indoor,,0,,0.00,
halloween kids games indoor,,0,,0.00,
halloween kids party games indoor,,0,,0.00,
halloween party games for kids indoor,,0,,0.00,
halloween party games kids indoor,,0,,0.00,
hape rainbow bowl game kid's indoor wooden bowling set,,0,,0.00,
high energy indoor games for kids,,0,,0.00,
holiday games for kids indoor,,0,,0.00,
homemade fun easy indoor games for kids,,0,,0.00,
homemade indoor birthday party games for kids,,0,,0.00,
homemade indoor games for kids,,0,,0.00,
hotel indoor kids pool game room rockville md,,0,,0.00,
house fun easy indoor games for kids,,0,,0.00,
http www.growingkidsministry.com lets-get-moving-indoor-active-games-for-kids,,0,,0.00,
http www.queen-of-theme-party-games.com kids-indoor-party-games.html,,0,,0.00,
https www.care.com c stories 3775 101-indoor-games-and-activities-for-kids,,0,,0.00,
hula hoop games for kids indoors,,0,,0.00,
hunting theme party games kid indoor,,0,,0.00,
icebreaker games indoors kids,,0,,0.00,
ideas for indoor games for kids birthday party,,0,,0.00,
ideas for indoor games for kids&#39,,0,,0.00,
ideas for indoor games for kids' birthday party,,0,,0.00,
images of indoor games for kids,,0,,0.00,
indian indoor games for kids,,0,,0.00,
indian indoor games kids,,0,,0.00,
indoor 2 kids games,,0,,0.00,
indoor 2 year old birthday party games,,0,,0.00,
indoor 5 year old party games,,0,,0.00,
indoor active games for 3 year olds,,0,,0.00,
indoor active games for 6 12 year olds,,0,,0.00,
indoor active games for 6 year olds,,0,,0.00,
indoor active games for 612 year olds,,0,,0.00,
indoor active games for a group kids,,0,,0.00,
indoor active games for kids calendar,,0,,0.00,
indoor active games for young kids,,0,,0.00,
indoor activities games for kids,,0,,0.00,
indoor adult 46 year old birthday games,,0,,0.00,
indoor adventure games for kids,,0,,0.00,
indoor and outdoor games for 4 year olds,,0,,0.00,
indoor and outdoor games for kids,,0,,0.00,
indoor and outdoor group games for kids,,0,,0.00,
indoor arcade games for kids,,0,,0.00,
indoor archery games for kids,,0,,0.00,
indoor avtivity game for 3-5 yr old,,0,,0.00,
indoor balancing games for kids,,0,,0.00,
indoor ball game for kids,,0,,0.00,
indoor ball games 5 year olds,,0,,0.00,
indoor ball games for kids,,0,,0.00,
indoor ball games kids,,0,,0.00,
indoor ball hitting game for kids,,0,,0.00,
indoor balloon games for kids,,0,,0.00,
indoor barn horror game kid,,0,,0.00,
indoor baseball game for kids,,0,,0.00,
indoor basketball game 5 year olds,,0,,0.00,
indoor basketball game kids,,0,,0.00,
indoor basketball games kids,,0,,0.00,
indoor basketball games kids nyc,,0,,0.00,
indoor beach ball games for kids,,0,,0.00,
indoor beach games for kids,,0,,0.00,
indoor beach party games for kids,,0,,0.00,
indoor bible games for kids,,0,,0.00,
indoor birthday games for 11 year olds,,0,,0.00,
indoor birthday games for 12 year olds,,0,,0.00,
indoor birthday games for 2 year olds,,0,,0.00,
indoor birthday games for 4 year olds,,0,,0.00,
indoor birthday games for 5 year olds,,0,,0.37,
indoor birthday games for kids,,0,,0.00,
indoor birthday games kids,,0,,0.00,
indoor birthday party game ideas for 6 year olds,,0,,0.00,
indoor birthday party game ideas for kids,,0,,0.00,
indoor birthday party games for 10 year old boy,,0,,0.00,
indoor birthday party games for 10 year old boys,,0,,0.00,
indoor birthday party games for 4 5 year olds,,0,,0.00,
indoor birthday party games for 5 year olds,,0,,0.00,
indoor birthday party games for 7 year old boy,,0,,0.00,
indoor birthday party games for 7 year olds indoors,,0,,0.00,
indoor birthday party games for 9 year old boy,,0,,0.00,
indoor birthday party games for two year olds,,0,,0.00,
indoor birthday party kid games,,0,,0.00,
indoor board games for 6-12 year olds,,0,,0.00,
indoor board games for 612 year olds,,0,,0.00,
indoor board games for kids,,0,,0.00,
indoor bowling game for kids,,0,,0.00,
indoor bowling games kids,,0,,0.00,
indoor brain games for kids,,0,,0.00,
indoor building games for kids,,0,,0.00,
indoor camp games for 6 year olds,,0,,0.00,
indoor camp games for 8-10 year olds,,0,,0.00,
indoor camp games for 810 year olds,,0,,0.00,
indoor camp games without equipment for kids,,0,,0.00,
indoor camping games for kids,,0,,0.00,
indoor childrens party games for 5 year olds,,0,,0.00,
indoor christmas class games for kids,,0,,0.00,
indoor christmas game for kids,,0,,0.00,
indoor christmas games ideas for kids,,0,,0.00,
indoor class games for kids,,0,,0.00,
indoor climbing games for kids,,0,,0.00,
indoor competition games for kids,,0,,0.00,
indoor cooperative games for kids,,0,,0.00,
indoor cricket games for kids,,0,,0.00,
indoor cup games for kids,,0,,0.00,
indoor curling games for kids,,0,,0.00,
indoor dance games for kids,,0,,0.00,
indoor diy carnival games for kids,,0,,0.00,
indoor diy games for kids,,0,,0.00,
indoor easy games for kids,,0,,0.00,
indoor exercise games for kids,,0,,0.00,
indoor fall festival games for kids,,0,,0.00,
indoor fall games for kids,,0,,0.00,
indoor family games for kids,,0,,0.00,
indoor fitness games for kids,,0,,0.00,
indoor floor games for kids,,0,,0.00,
indoor foldable arcade game for kids,,0,,0.00,
indoor football board game for kids near texas,,0,,0.00,
indoor football game for kids,,0,,0.00,
indoor football games for kids,,0,,0.00,
indoor football party games for kids,,0,,0.00,
indoor fun for kids in seneca sc to play games,,0,,0.00,
indoor fun games for kids in my area,,0,,0.00,
indoor fun kids games,,0,,0.00,
indoor fun movement games kids,,0,,0.00,
indoor fun party games for kids,,0,,0.00,
indoor funny games for kids,,0,,0.00,
indoor game activities for kids,,0,,0.00,
indoor game activity for kids,,0,,0.00,
indoor game center for kids,,0,,0.00,
indoor game for 2 year old,,0,,0.00,
indoor game for 3 year old,,0,,0.00,
indoor game for 4 year old,,0,,0.00,
indoor game for 5 year old,,0,,0.00,
indoor game for kids at home,,0,,0.00,
indoor game for kids in school,,0,,0.00,
indoor game for kids near me,,0,,0.00,
indoor game ideas for kids birthday party,,0,,0.00,
indoor game ideas for kids ministry,,0,,0.00,
indoor game kids,,0,,0.00,
indoor game list for kids,,0,,0.00,
indoor game near me for kids,,0,,0.00,
indoor game place for adults or kids in tampa florida,,0,,0.00,
indoor game place for kids,,0,,0.00,
indoor game place in hoboken for kids,,0,,0.00,
indoor game place in hoboken for kids washington street,,0,,0.00,
indoor game places for kids,,0,,0.00,
indoor game places for kids in la,,0,,0.00,
indoor game room for kids,,0,,0.00,
indoor game to play with kids,,0,,0.00,
indoor game toys for kids,,0,,0.00,
indoor game with kids,,0,,0.00,
indoor game zone for kids,,0,,0.00,
indoor game zone for kids near me,,0,,0.00,
indoor game zone near me for kids,,0,,0.00,
indoor games & activities for kids,,0,,0.00,
indoor games 13 year old boys,,0,,0.00,
indoor games 13 year old boys scouts,,0,,0.00,
indoor games 15 month old,,0,,0.00,
indoor games 2 year olds,,0,,0.23,
indoor games 3 year old,,0,,0.00,
indoor games 5 year olds,,0,,0.18,
indoor games 8 and nine yrs old,,0,,0.00,
indoor games activities for 10 year olds,,0,,0.00,
indoor games activities for kids,,0,,0.00,
indoor games activity for kids,,0,,0.00,
indoor games and activities for 1 and 2 year olds,,0,,0.00,
indoor games and activities for 3 year olds,,0,,0.00,
indoor games and activities for prek kids,,0,,0.00,
indoor games at home for kids,,0,,0.00,
indoor games balloon games for kids,,0,,0.00,
indoor games chart for kids,,0,,0.00,
indoor games fir kids,,0,,0.00,
indoor games for 1 2 year olds,,0,,0.00,
indoor games for 10 12 year olds at home,,0,,0.00,
indoor games for 10 13 year olds,,0,,0.00,
indoor games for 10 year old,,0,,0.00,
indoor games for 10 year old birthday party,,0,,0.00,
indoor games for 10 year old boy,,0,,0.00,
indoor games for 1012 year olds,,0,,0.00,
indoor games for 11 month old,,0,,0.00,
indoor games for 11 year old boys,,0,,0.00,
indoor games for 11 year-old birthday party,,0,,0.00,
indoor games for 12 14 year olds,,0,,0.00,
indoor games for 12 16 year olds,,0,,0.00,
indoor games for 12 year old birthday party,,0,,0.00,
indoor games for 12 year old boy,,0,,0.00,
indoor games for 12 year old boys,,0,,0.00,
indoor games for 12 year olds at home,,0,,0.00,
indoor games for 12 yr olds,,0,,0.00,
indoor games for 12-16 year olds,,0,,0.00,
indoor games for 1214 year olds,,0,,0.00,
indoor games for 1216 year olds,,0,,0.00,
indoor games for 13 year old boy,,0,,0.00,
indoor games for 15 year old boy,,0,,0.00,
indoor games for 16 month old,,0,,0.00,
indoor games for 18 year olds,,0,,0.00,
indoor games for 2 and 3 year olds,,0,,0.00,
indoor games for 2 kids,,0,,0.00,
indoor games for 2 year old,,0,,0.00,
indoor games for 2 year old birthday party,,0,,0.00,
indoor games for 2 year old boy,,0,,0.00,
indoor games for 2 year olds party,,0,,0.00,
indoor games for 2-4 year olds,,0,,0.00,
indoor games for 2-5 year olds,,0,,0.00,
indoor games for 20 month old,,0,,0.00,
indoor games for 23 year olds,,0,,0.00,
indoor games for 3 6 year olds,,0,,0.00,
indoor games for 3 kids,,0,,0.00,
indoor games for 3 year kids near me,,0,,0.00,
indoor games for 3 year old,,0,,0.00,
indoor games for 3 year old birthday party,,0,,0.00,
indoor games for 3 year old boy,,0,,0.00,
indoor games for 3 yr olds,,0,,0.00,
indoor games for 3-4 year olds,,0,,0.00,
indoor games for 3-4yr olds,,0,,0.00,
indoor games for 3-7 year olds,,0,,0.00,
indoor games for 30 kids,,0,,0.00,
indoor games for 34 year olds,,0,,0.00,
indoor games for 35 year olds,,0,,0.00,
indoor games for 4 5 year olds,,0,,0.00,
indoor games for 4 6 year olds,,0,,0.00,
indoor games for 4 and 5 year olds,,0,,0.00,
indoor games for 4 to 6 year olds,,0,,0.00,
indoor games for 4 year old,,0,,0.00,
indoor games for 4 year old birthday party,,0,,0.00,
indoor games for 4 year old boy,,0,,0.00,
indoor games for 4 year old girl,,0,,0.00,
indoor games for 4 year old party,,0,,0.00,
indoor games for 4 year olds birthday party,,0,,0.00,
indoor games for 4-7 year olds,,0,,0.00,
indoor games for 4-8 year olds,,0,,0.00,
indoor games for 45 year olds,,0,,0.00,
indoor games for 46 year olds,,0,,0.00,
indoor games for 5 to 9 year old,,0,,0.00,
indoor games for 5 year old,,0,,0.00,
indoor games for 5 year old birthday parties,,0,,0.00,
indoor games for 5 year old birthday party,,0,,0.00,
indoor games for 5 year old boy,,0,,0.00,
indoor games for 5 years old,,0,,0.00,
indoor games for 5-10 year olds,,0,,0.00,
indoor games for 5-7 year olds,,0,,0.00,
indoor games for 56 year olds,,0,,0.00,
indoor games for 57 year olds,,0,,0.00,
indoor games for 58 year olds,,0,,0.00,
indoor games for 6 - 12 year olds,,0,,0.28,
indoor games for 6 12 year olds near me,,0,,0.00,
indoor games for 6 12 year olds online,,0,,0.00,
indoor games for 6 12 year olds outside,,0,,0.00,
indoor games for 6 8 year olds,,0,,0.00,
indoor games for 6 and 7 year olds,,0,,0.00,
indoor games for 6 year old,,0,,0.00,
indoor games for 6 year old birthday party,,0,,0.00,
indoor games for 6 year old boy,,0,,0.00,
indoor games for 6-10 year olds,,0,,0.00,
indoor games for 6-12 year olds for birthday party,,0,,0.00,
indoor games for 6-12 year olds free download,,0,,0.00,
indoor games for 6-12 year olds in school,,0,,0.00,
indoor games for 6-12 year olds outside,,0,,0.00,
indoor games for 6-12 year olds with 2 people,,0,,0.00,
indoor games for 6-7 year olds,,0,,0.00,
indoor games for 6-8 year olds,,0,,0.00,
indoor games for 612 year olds,,0,,0.00,
indoor games for 612 year olds at home,,0,,0.00,
indoor games for 612 year olds for birthday party,,0,,0.00,
indoor games for 612 year olds free download,,0,,0.00,
indoor games for 612 year olds near me,,0,,0.00,
indoor games for 612 year olds online,,0,,0.00,
indoor games for 612 year olds outside,,0,,0.00,
indoor games for 612 year olds with 2 people,,0,,0.00,
indoor games for 612 year olds without equipment,,0,,0.00,
indoor games for 67 year olds,,0,,0.00,
indoor games for 7 and 8 year olds,,0,,0.00,
indoor games for 7 year old birthday party,,0,,0.00,
indoor games for 7 year old boy,,0,,0.00,
indoor games for 7-10 year olds,,0,,0.00,
indoor games for 7-12 year olds,,0,,0.00,
indoor games for 7-9 year olds,,0,,0.00,
indoor games for 8 year old birthday party,,0,,0.00,
indoor games for 8 year old boy,,0,,0.00,
indoor games for 8 year old boy birthday party,,0,,0.00,
indoor games for 8-11 year olds,,0,,0.00,
indoor games for 8-12 year olds,,0,,0.00,
indoor games for 8-9 year olds,,0,,0.00,
indoor games for 8-year olds,,0,,0.00,
indoor games for 80 kids,,0,,0.00,
indoor games for 8year olds,,0,,0.00,
indoor games for 9 month old baby,,0,,0.00,
indoor games for 9 year old birthday party,,0,,0.00,
indoor games for 9 year old boy,,0,,0.00,
indoor games for 9 year-old birthday party,,0,,0.00,
indoor games for 912 year olds,,0,,0.00,
indoor games for a 2 year old,,0,,0.00,
indoor games for a 5 year old birthday party,,0,,0.00,
indoor games for a 6 year old birthday party,,0,,0.00,
indoor games for a group of kids,,0,,0.00,
indoor games for active kids,,0,,0.00,
indoor games for adults and kids,,0,,0.00,
indoor games for all age groups of kids,,0,,0.00,
indoor games for all age kids,,0,,0.00,
indoor games for autistic kids,,0,,0.00,
indoor games for big groups of kids,,0,,0.00,
indoor games for big kids,,0,,0.00,
indoor games for birthday party for 4 year old,,0,,0.00,
indoor games for birthday party for kids,,0,,0.00,
indoor games for birthday party kids,,0,,0.00,
indoor games for four year old birthday party,,0,,0.00,
indoor games for group of kids,,0,,0.00,
indoor games for groups of 5 year olds,,0,,0.00,
indoor games for groups of 6-8 kids,,0,,0.00,
indoor games for groups preschool kids,,0,,0.00,
indoor games for kid,,0,,0.00,
indoor games for kid on rainy day,,0,,0.00,
indoor games for kids 10 to 12,,0,,0.00,
indoor games for kids 10 years old,,0,,0.00,
indoor games for kids 10 yesrs,,0,,0.00,
indoor games for kids 12 14,,0,,0.00,
indoor games for kids 2 players,,0,,0.00,
indoor games for kids 3 years,,0,,0.00,
indoor games for kids 3rd to 5th grade,,0,,0.00,
indoor games for kids 4 years old,,0,,0.00,
indoor games for kids 5 years old,,0,,0.00,
indoor games for kids 8 years old,,0,,0.00,
indoor games for kids 9 12,,0,,0.00,
indoor games for kids activities,,0,,0.00,
indoor games for kids age 2-5,,0,,0.00,
indoor games for kids ages 3 5,,0,,0.00,
indoor games for kids ages 9 12,,0,,0.00,
indoor games for kids and parents,,0,,0.00,
indoor games for kids at church,,0,,0.00,
indoor games for kids at home with paper,,0,,0.00,
indoor games for kids at home without equipment,,0,,0.00,
indoor games for kids at school no equipment,,0,,0.00,
indoor games for kids birthday,,0,,0.00,
indoor games for kids birthday parties near me,,0,,0.00,
indoor games for kids birthday partys near me,,0,,0.00,
indoor games for kids cad blocks,,0,,0.00,
indoor games for kids camp,,0,,0.00,
indoor games for kids chart,,0,,0.00,
indoor games for kids christmas party,,0,,0.00,
indoor games for kids classroom,,0,,0.00,
indoor games for kids drawing,,0,,0.00,
indoor games for kids dubai,,0,,0.00,
indoor games for kids during lockdown,,0,,0.00,
indoor games for kids during quarantine,,0,,0.00,
indoor games for kids for birthday party,,0,,0.00,
indoor games for kids for pe,,0,,0.00,
indoor games for kids group,,0,,0.00,
indoor games for kids ideas,,0,,0.00,
indoor games for kids ideas list,,0,,0.00,
indoor games for kids images,,0,,0.00,
indoor games for kids in apartment,,0,,0.00,
indoor games for kids in asheville,,0,,0.00,
indoor games for kids in augusta,,0,,0.00,
indoor games for kids in austin,,0,,0.00,
indoor games for kids in ballentyne,,0,,0.00,
indoor games for kids in boca raton,,0,,0.00,
indoor games for kids in boston,,0,,0.00,
indoor games for kids in brampton,,0,,0.00,
indoor games for kids in broken arrow,,0,,0.00,
indoor games for kids in brooklyn,,0,,0.00,
indoor games for kids in burlington,,0,,0.00,
indoor games for kids in canton,,0,,0.00,
indoor games for kids in castle rock,,0,,0.00,
indoor games for kids in chennai,,0,,0.00,
indoor games for kids in chicago,,0,,0.00,
indoor games for kids in classroom,,0,,0.00,
indoor games for kids in colorado springs,,0,,0.00,
indoor games for kids in doral,,0,,0.00,
indoor games for kids in dubai,,0,,0.00,
indoor games for kids in fairfax,,0,,0.00,
indoor games for kids in federal way,,0,,0.00,
indoor games for kids in fort collins,,0,,0.00,
indoor games for kids in franklin,,0,,0.00,
indoor games for kids in frederick,,0,,0.00,
indoor games for kids in gastonia,,0,,0.00,
indoor games for kids in grand rapids,,0,,0.00,
indoor games for kids in green bay,,0,,0.00,
indoor games for kids in greenville,,0,,0.00,
indoor games for kids in hamilton,,0,,0.00,
indoor games for kids in hartford,,0,,0.00,
indoor games for kids in home,,0,,0.00,
indoor games for kids in houston,,0,,0.00,
indoor games for kids in india,,0,,0.00,
indoor games for kids in kalamazoo,,0,,0.00,
indoor games for kids in lafayette,,0,,0.00,
indoor games for kids in little rock,,0,,0.00,
indoor games for kids in lockdown,,0,,0.00,
indoor games for kids in long beach,,0,,0.00,
indoor games for kids in los angeles,,0,,0.00,
indoor games for kids in madison,,0,,0.00,
indoor games for kids in manchester,,0,,0.00,
indoor games for kids in mesa,,0,,0.00,
indoor games for kids in murrieta,,0,,0.00,
indoor games for kids in naples,,0,,0.00,
indoor games for kids in nashville,,0,,0.00,
indoor games for kids in new jersey,,0,,0.00,
indoor games for kids in niagara falls,,0,,0.00,
indoor games for kids in nyc,,0,,0.00,
indoor games for kids in omaha,,0,,0.00,
indoor games for kids in palo alto,,0,,0.00,
indoor games for kids in philadelphia,,0,,0.00,
indoor games for kids in portsmouth,,0,,0.00,
indoor games for kids in qatar,,0,,0.00,
indoor games for kids in reno,,0,,0.00,
indoor games for kids in rio rancho,,0,,0.00,
indoor games for kids in riverside,,0,,0.00,
indoor games for kids in saint augustine,,0,,0.00,
indoor games for kids in saint cloud,,0,,0.00,
indoor games for kids in san antonio,,0,,0.00,
indoor games for kids in san francisco,,0,,0.00,
indoor games for kids in santa rosa,,0,,0.00,
indoor games for kids in sarasota,,0,,0.00,
indoor games for kids in school,,0,,0.00,
indoor games for kids in second floor apartment,,0,,0.00,
indoor games for kids in sharjah,,0,,0.00,
indoor games for kids in spokane valley,,0,,0.00,
indoor games for kids in springfield,,0,,0.00,
indoor games for kids in stamford,,0,,0.00,
indoor games for kids in strongsville,,0,,0.00,
indoor games for kids in summer camp,,0,,0.00,
indoor games for kids in tallahassee,,0,,0.00,
indoor games for kids in temecula,,0,,0.00,
indoor games for kids in tomball,,0,,0.00,
indoor games for kids in toronto,,0,,0.00,
indoor games for kids in tyler,,0,,0.00,
indoor games for kids in vancouver,,0,,0.00,
indoor games for kids in virginia beach,,0,,0.00,
indoor games for kids in winter,,0,,0.00,
indoor games for kids india,,0,,0.00,
indoor games for kids ipod shuffle,,0,,0.00,
indoor games for kids large group,,0,,0.00,
indoor games for kids list,,0,,0.00,
indoor games for kids near me open now,,0,,0.00,
indoor games for kids near west bend wi,,0,,0.00,
indoor games for kids nearby,,0,,0.00,
indoor games for kids on birthday party,,0,,0.00,
indoor games for kids on rainy days,,0,,0.00,
indoor games for kids online,,0,,0.00,
indoor games for kids palm beach county,,0,,0.00,
indoor games for kids parent today,,0,,0.00,
indoor games for kids parties,,0,,0.00,
indoor games for kids party,,0,,0.00,
indoor games for kids pictures,,0,,0.00,
indoor games for kids playground 63121,,0,,0.00,
indoor games for kids printable,,0,,0.00,
indoor games for kids school,,0,,0.00,
indoor games for kids spring tx,,0,,0.00,
indoor games for kids summer camp,,0,,0.00,
indoor games for kids sunday school,,0,,0.00,
indoor games for kids to play at home,,0,,0.00,
indoor games for kids to play in the 1980s,,0,,0.00,
indoor games for kids using chopsticks,,0,,0.00,
indoor games for kids vbs,,0,,0.00,
indoor games for kids vocal,,0,,0.00,
indoor games for kids witch you can play alone,,0,,0.00,
indoor games for kids witch youcan playalone,,0,,0.00,
indoor games for kids with adhd,,0,,0.00,
indoor games for kids with autism,,0,,0.00,
indoor games for kids with rules,,0,,0.00,
indoor games for kids with sensory issues,,0,,0.00,
indoor games for kids without any equipment,,0,,0.00,
indoor games for kids without equipment,,0,,0.00,
indoor games for kids without toys,,0,,0.00,
indoor games for kindergarten kids,,0,,0.00,
indoor games for large group of kids,,0,,0.00,
indoor games for large kid groups,,0,,0.00,
indoor games for nursery kids,,0,,0.00,
indoor games for old age,,0,,0.00,
indoor games for old age people,,0,,0.00,
indoor games for old hunting dogs,,0,,0.00,
indoor games for one year old party,,0,,0.00,
indoor games for one year olds,,0,,0.00,
indoor games for party kids,,0,,0.00,
indoor games for preschool kids,,0,,0.00,
indoor games for school kids,,0,,0.00,
indoor games for small groups of kids,,0,,0.00,
indoor games for small kids,,0,,0.00,
indoor games for sunday school kids,,0,,0.00,
indoor games for tennis kids,,0,,0.00,
indoor games for two kids,,0,,0.00,
indoor games for two year olds cold winter,,0,,0.00,
indoor games from ireland for kids,,0,,0.00,
indoor games ideas for kids birthday,,0,,0.00,
indoor games images for kids,,0,,0.00,
indoor games kids 1st birthday,,0,,0.00,
indoor games kids can play,,0,,0.00,
indoor games kids chicago,,0,,0.00,
indoor games kids children folding snooker pool table,,0,,0.00,
indoor games kids near me,,0,,0.00,
indoor games list for kids,,0,,0.00,
indoor games name 10 for kids,,0,,0.00,
indoor games name for kids,,0,,0.00,
indoor games names for kids,,0,,0.00,
indoor games near me for kids,,0,,0.00,
indoor games norway for kids,,0,,0.00,
indoor games pictures for kids,,0,,0.00,
indoor games places for kids,,0,,0.00,
indoor games play 2 year olds,,0,,0.00,
indoor games popular in rural old kentucky,,0,,0.00,
indoor games store for kids near me,,0,,0.00,
indoor games sunday school games for kids,,0,,0.00,
indoor games systems for kids 2018,,0,,0.00,
indoor games to get kids moving,,0,,0.00,
indoor games to pay for 8 year old boy,,0,,0.00,
indoor games to play for kids,,0,,0.00,
indoor games to play on a rainy night with kids,,0,,0.00,
indoor games to play with 10 year olds,,0,,0.00,
indoor games to play with 11 year olds,,0,,0.00,
indoor games to play with 12 year olds,,0,,0.00,
indoor games to play with 13 year olds,,0,,0.00,
indoor games to play with 18 month old,,0,,0.00,
indoor games to play with 2-5 year olds,,0,,0.00,
indoor games to play with 20 month old,,0,,0.00,
indoor games to play with 7 year olds,,0,,0.00,
indoor games to play with 8 year olds,,0,,0.00,
indoor games to play with 9 year olds,,0,,0.00,
indoor games to play with a 6 year old girl,,0,,0.00,
indoor games to play with a big group of kids,,0,,0.00,
indoor games to play with a kids,,0,,0.00,
indoor games to play with kids at home,,0,,0.00,
indoor games to play with kids without equipment,,0,,0.00,
indoor games to play with middle school kids,,0,,0.00,
indoor games to play without anything for kids,,0,,0.00,
indoor games to use with kids age 6 to 9,,0,,0.00,
indoor games toys for kids,,0,,0.00,
indoor games with big froup of kids,,0,,0.00,
indoor games with kids at home,,0,,0.00,
indoor games with kids ideas,,0,,0.00,
indoor games without toys for 4 year olds,,0,,0.00,
indoor games without toys for kids,,0,,0.00,
indoor games.for kids,,0,,0.00,
indoor games.for.kids,,0,,0.00,
indoor getting-to-know-you games for 6-12 year olds,,0,,0.00,
indoor golf game kids,,0,,0.00,
indoor golf kids game,,0,,0.00,
indoor group game for kids,,0,,0.00,
indoor group games for 10 year olds,,0,,0.00,
indoor group games for 2 year olds,,0,,0.00,
indoor group games for 4 year olds,,0,,0.00,
indoor group games for 6-12 year olds,,0,,0.00,
indoor group games for 612 year olds,,0,,0.00,
indoor group games for kids no equipment,,0,,0.00,
indoor group relay games for kids,,0,,0.00,
indoor gym games 4 kids,,0,,0.00,
indoor gym games for 6-12 year olds,,0,,0.00,
indoor gym games kids,,0,,0.00,
indoor halloween games kids,,0,,0.00,
indoor halloween kid games,,0,,0.00,
indoor halloween kid games wrap a mummy,,0,,0.00,
indoor halloween party games for kids,,0,,0.00,
indoor hockey game for kids,,0,,0.00,
indoor hockey games for kids,,0,,0.00,
indoor hockey games for kids with dads,,0,,0.00,
indoor hockey games kids,,0,,0.00,
indoor holiday games for kids,,0,,0.00,
indoor home games for kids,,0,,0.00,
indoor home made games for kids,,0,,0.00,
indoor house games for kids,,0,,0.00,
indoor hula hoop games for kids,,0,,0.00,
indoor hurling games for kids,,0,,0.00,
indoor icebreaker games for kids,,0,,0.00,
indoor interactive games for kids,,0,,0.00,
indoor jumping games for kids,,0,,0.00,
indoor kid birthday party games,,0,,0.00,
indoor kid competition games,,0,,0.00,
indoor kid fitness games,,0,,0.00,
indoor kid games about stars,,0,,0.00,
indoor kid games for a rainy day,,0,,0.00,
indoor kid games for birthday parties,,0,,0.00,
indoor kid games party,,0,,0.00,
indoor kid games to play,,0,,0.00,
indoor kid games to play in a group,,0,,0.00,
indoor kid games with no equipment,,0,,0.00,
indoor kid games without equipment,,0,,0.00,
indoor kid group games,,0,,0.00,
indoor kid olympic games,,0,,0.00,
indoor kid party games,,0,,0.00,
indoor kid party games for birthday party,,0,,0.00,
indoor kid party games site pinterest.com,,0,,0.00,
indoor kids basement games,,0,,0.00,
indoor kids birthday games,,0,,0.00,
indoor kids birthday party games,,0,,0.00,
indoor kids cricket game,,0,,0.00,
indoor kids criket game,,0,,0.00,
indoor kids dice games,,0,,0.00,
indoor kids exercise games,,0,,0.00,
indoor kids game,,0,,0.00,
indoor kids game center,,0,,0.00,
indoor kids game center cincinnati,,0,,0.00,
indoor kids game zone near me,,0,,0.00,
indoor kids gamed,,0,,0.00,
indoor kids games for birthday partie ideas,,0,,0.00,
indoor kids games for birthday parties,,0,,0.00,
indoor kids games for birthday party,,0,,0.00,
indoor kids games near me,,0,,0.00,
indoor kids games wellington,,0,,0.00,
indoor kids games without equipment,,0,,0.00,
indoor kids games without supples,,0,,0.00,
indoor kids games without supplies,,0,,0.00,
indoor kids golf game,,0,,0.00,
indoor kids group games,,0,,0.00,
indoor kids halloween games,,0,,0.00,
indoor kids minute to win it games,,0,,0.00,
indoor kids paddle ball game,,0,,0.00,
indoor kids ping pong ball games,,0,,0.00,
indoor kids sports games,,0,,0.00,
indoor kids throwing games,,0,,0.00,
indoor large group games for kids,,0,,0.00,
indoor large group kid games,,0,,0.00,
indoor learning games for kids,,0,,0.00,
indoor learning games for two year olds,,0,,0.00,
indoor little kid games,,0,,0.00,
indoor luau party games for kids,,0,,0.00,
indoor mind games for kids,,0,,0.00,
indoor minute to win it games for kids,,0,,0.00,
indoor music games for kids,,0,,0.00,
indoor nature games for kids,,0,,0.00,
indoor new years eve games for kids,,0,,0.00,
indoor new years games for kids,,0,,0.00,
indoor night time games for kids,,0,,0.00,
indoor olympics games for kids,,0,,0.00,
indoor ouse games for kids,,0,,0.00,
indoor outdoor games for 3 and 4 year olds,,0,,0.00,
indoor outdoor kids game,,0,,0.00,
indoor paper games for kids,,0,,0.00,
indoor parachute games for kids,,0,,0.00,
indoor parlor games for kids,,0,,0.00,
indoor partner games for kids,,0,,0.00,
indoor party game 10 yr old boys,,0,,0.00,
indoor party game ideas for 8 year olds,,0,,0.00,
indoor party game ideas for 9 year olds,,0,,0.00,
indoor party game ideas for kids,,0,,0.00,
indoor party games 5 year olds,,0,,0.22,
indoor party games 6 year old boy,,0,,0.00,
indoor party games for 10 year olds also hiiiiiiiiiiiiiiiii,,0,,0.00,
indoor party games for 10 yr olds,,0,,0.00,
indoor party games for 11 year old girls,,0,,0.00,
indoor party games for 12 yr olds,,0,,0.00,
indoor party games for 16year olds,,0,,0.00,
indoor party games for 18year olds,,0,,0.00,
indoor party games for 3 year olds,,0,,0.16,
indoor party games for 3 year olds uk,,0,,0.00,
indoor party games for 3 yr olds,,0,,0.00,
indoor party games for 3-5 year olds,,0,,0.00,
indoor party games for 6 year old,,0,,0.00,
indoor party games for 9 yr olds,,0,,0.00,
indoor party games for adults and kids,,0,,0.00,
indoor party games for five year olds,,0,,0.00,
indoor party games for kids age 10,,0,,0.00,
indoor party games for kids age 6,,0,,0.00,
indoor party games for kids age 7,,0,,0.00,
indoor party games for kids age 8,,0,,0.00,
indoor party games for kids age 9,,0,,0.00,
indoor party games for kids ages 3 5,,0,,0.00,
indoor party games for kids and adults,,0,,0.00,
indoor party games for kids at home,,0,,0.00,
indoor party games for kids at party city,,0,,0.00,
indoor party games for kids no equipment,,0,,0.00,
indoor party games for nine year olds,,0,,0.00,
indoor party games for one year olds,,0,,0.00,
indoor party games for party kids,,0,,0.00,
indoor party games for six year olds,,0,,0.00,
indoor party games for ten year olds,,0,,0.00,
indoor party games kids,,0,,0.00,
indoor party games list for kids,,0,,0.00,
indoor party kid games,,0,,0.00,
indoor party kids games,,0,,0.00,
indoor party kids games 4 year olds,,0,,0.00,
indoor pe games for kids,,0,,0.00,
indoor physical activity games for kids,,0,,0.00,
indoor physical games for 6 12 year olds,,0,,0.00,
indoor physical games for 612 year olds,,0,,0.00,
indoor physical games for 8 year old boy,,0,,0.00,
indoor pickle ball hitting game for kids,,0,,0.00,
indoor pickleball games for kids,,0,,0.00,
indoor play games for kids,,0,,0.00,
indoor play games for kids near me,,0,,0.00,
indoor playground games for kids,,0,,0.00,
indoor playing games for kids,,0,,0.00,
indoor pokemon kids party games,,0,,0.00,
indoor pool noodle games for kids,,0,,0.00,
indoor puzzle games for kids,,0,,0.00,
indoor quiet games for kids,,0,,0.00,
indoor quit games for kids,,0,,0.00,
indoor rainy day games for kids,,0,,0.00,
indoor rec games for kids,,0,,0.00,
indoor recess games for kids,,0,,0.00,
indoor recreation games for kids,,0,,0.00,
indoor relay games for middle school kids,,0,,0.00,
indoor relay games for young kids,,0,,0.00,
indoor relay race game ideas for kids,,0,,0.00,
indoor rugby games for kids,,0,,0.00,
indoor school games for kids,,0,,0.00,
indoor shooting games for kids,,0,,0.00,
indoor simple relay games for kids,,0,,0.00,
indoor sit down games for kids,,0,,0.00,
indoor sitting games for kids,,0,,0.00,
indoor snow games for kids,,0,,0.00,
indoor soccer game for kids,,0,,0.00,
indoor social distancing games for kids,,0,,0.00,
indoor sport game challenges for 6-12 year olds,,0,,0.00,
indoor sport games for 6-12 year olds,,0,,0.00,
indoor sport games for kids,,0,,0.00,
indoor sports games 2-3 year olds,,0,,0.00,
indoor spring games for kids,,0,,0.00,
indoor spring themed kids games,,0,,0.00,
indoor summer camp games for kids,,0,,0.00,
indoor summer games for kids,,0,,0.00,
indoor super bowl kids games,,0,,0.00,
indoor superhero games for kids,,0,,0.00,
indoor survival games for kids,,0,,0.00,
indoor table games for kids,,0,,0.00,
indoor team building games for 1012 year olds,,0,,0.00,
indoor team building games for kids no equipment,,0,,0.00,
indoor team building games kids,,0,,0.00,
indoor teamwork games for kids,,0,,0.00,
indoor tennis game for kids,,0,,0.00,
indoor tennis games for kids,,0,,0.00,
indoor thanksgiving games for kids,,0,,0.00,
indoor throwing games for kids,,0,,0.00,
indoor video games for kids,,0,,0.00,
indoor volleyball games for kids,,0,,0.00,
indoor wall games for kids,,0,,0.00,
indoor water games for kids,,0,,0.00,
indoor water games with kids at home,,0,,0.00,
indoor water party games for kids,,0,,0.00,
indoor xmas games for kids,,0,,0.00,
indoor xmas party games for kids,,0,,0.00,
indoor+ board games for kids,,0,,0.00,
indoor.games for.kids,,0,,0.00,
indoor.games.for.kids,,0,,0.00,
indoors games for kids,,0,,0.00,
inside indoor games for kids,,0,,0.00,
interactive indoor games for kids,,0,,0.00,
interesting indoor games for kids,,0,,0.00,
intitle: fun indoor games for kids,,0,,0.00,
jumping games for kids indoor,,0,,0.00,
kid birthday games indoor,,0,,0.00,
kid birthday games indoor diy,,0,,0.00,
kid birthday party games indoor,,0,,0.00,
kid fitness games indoor,,0,,0.00,
kid game indoor playground,,0,,0.00,
kid games birthday parties indoor,,0,,0.00,
kid games for birthday parties indoor,,0,,0.00,
kid games for birthday party indoor,,0,,0.00,
kid games for parties indoors,,0,,0.00,
kid games for party indoor,,0,,0.00,
kid games indoor birthday parties,,0,,0.00,
kid games indoors,,0,,0.00,
kid games indoors christian,,0,,0.00,
kid games playground indoor,,0,,0.00,
kid games playground indoor design service,,0,,0.00,
kid games to play indoors,,0,,0.00,
kid group games indoor,,0,,0.00,
kid indoor game,,0,,0.00,
kid indoor games,,0,,0.00,
kid indoor games activities,,0,,0.00,
kid indoor games birthdays,,0,,0.00,
kid olympics games indoors,,0,,0.00,
kid party game ideas indoor,,0,,0.00,
kid party games ideas indoor,,0,,0.00,
kid party games indoor ideas,,0,,0.00,
kids 4 to 5 indoor games,,0,,0.00,
kids active indoor games,,0,,0.00,
kids activity games indoor,,0,,0.00,
kids arcade games indoor,,0,,0.00,
kids ball games indoor,,0,,0.00,
kids basketball game indoor,,0,,0.00,
kids birthday game ideas indoor,,0,,0.00,
kids birthday games ideas indoor,,0,,0.00,
kids birthday games indoor ideas,,0,,0.00,
kids birthday indoor games,,0,,0.00,
kids birthday party games ideas indoor,,0,,0.00,
kids birthday party games indoor ideas,,0,,0.00,
kids birthday party games winter indoor,,0,,0.00,
kids birthday party indoor game ideas,,0,,0.00,
kids birthday party indoor games,,0,,0.00,
kids camp games indoor,,0,,0.00,
kids carnival games indoor,,0,,0.00,
kids challenge games indoor,,0,,0.00,
kids christmas games indoor,,0,,0.00,
kids circle games indoor,,0,,0.00,
kids classroom games indoor,,0,,0.00,
kids fitness games indoor,,0,,0.00,
kids football games indoor,,0,,0.00,
kids fun games indoor,,0,,0.00,
kids fun indoor games,,0,,0.00,
kids game at home indoor,,0,,0.00,
kids game for birthday party indoor,,0,,0.00,
kids game for christmas party indoor,,0,,0.00,
kids game for party indoor,,0,,0.00,
kids game ideas indoor,,0,,0.00,
kids game indoor ideas,,0,,0.00,
kids game to play indoors,,0,,0.00,
kids games birthday party indoor,,0,,0.00,
kids games for birthday party indoor,,0,,0.00,
kids games for indoors,,0,,0.00,
kids games for parties indoor,,0,,0.00,
kids games for party indoor,,0,,0.00,
kids games for party indoors,,0,,0.00,
kids games ideas indoor,,0,,0.00,
kids games in a indoor party,,0,,0.00,
kids games indoor for party,,0,,0.00,
kids games indoor near me,,0,,0.00,
kids games indoor no equipment,,0,,0.00,
kids games indoor playground equipment,,0,,0.00,
kids games outdoor indoor,,0,,0.00,
kids games party indoor,,0,,0.00,
kids games to play indoor,,0,,0.00,
kids games to play indoors,,0,,0.00,
kids golf games indoor,,0,,0.00,
kids golf indoor game,,0,,0.00,
kids group games indoors,,0,,0.00,
kids halloween games indoor,,0,,0.00,
kids home birthday party indoors games,,0,,0.00,
kids home games indoor,,0,,0.00,
kids indoor active games,,0,,0.00,
kids indoor activities and games,,0,,0.00,
kids indoor arcade games,,0,,0.00,
kids indoor baseball game,,0,,0.00,
kids indoor baseball game indoor recess,,0,,0.00,
kids indoor basketball game,,0,,0.00,
kids indoor beach party games,,0,,0.00,
kids indoor birthday game ideas,,0,,0.00,
kids indoor birthday games,,0,,0.00,
kids indoor birthday part games,,0,,0.00,
kids indoor bowling game,,0,,0.00,
kids indoor christmas games,,0,,0.00,
kids indoor circle games,,0,,0.00,
kids indoor fun games,,0,,0.00,
kids indoor game,,0,,0.00,
kids indoor game dublin ohioin,,0,,0.00,
kids indoor game ideas,,0,,0.00,
kids indoor game near me,,0,,0.00,
kids indoor game park outside asheville,,0,,0.00,
kids indoor games at home,,0,,0.00,
kids indoor games birthday,,0,,0.00,
kids indoor games cleveland,,0,,0.00,
kids indoor games equipment,,0,,0.00,
kids indoor games for birthday party,,0,,0.00,
kids indoor games franchise,,0,,0.00,
kids indoor games list,,0,,0.00,
kids indoor games near edison,,0,,0.00,
kids indoor games no equipment,,0,,0.00,
kids indoor games to play,,0,,0.00,
kids indoor golf game,,0,,0.00,
kids indoor golf toy game,,0,,0.00,
kids indoor group games,,0,,0.00,
kids indoor halloween games,,0,,0.00,
kids indoor icebreaker games,,0,,0.00,
kids indoor meeting games,,0,,0.00,
kids indoor movement games,,0,,0.00,
kids indoor party play games,,0,,0.00,
kids indoor physical games,,0,,0.00,
kids indoor play games,,0,,0.00,
kids indoor recess games,,0,,0.00,
kids indoor small group games,,0,,0.00,
kids indoor soccer game,,0,,0.00,
kids indoor sports games,,0,,0.00,
kids indoor threesball game,,0,,0.00,
kids minute to win it games indoor,,0,,0.00,
kids movement games indoor,,0,,0.00,
kids party game ideas indoor,,0,,0.00,
kids party game indoor,,0,,0.00,
kids party games ideas indoor,,0,,0.00,
kids party games indoor 6-7 year olds,,0,,0.00,
kids party games indoor age 5,,0,,0.00,
kids party games indoor ideas,,0,,0.00,
kids party games indoor no equipment,,0,,0.00,
kids party games indoors,,0,,0.00,
kids party games indoors age 7,,0,,0.00,
kids party games indoors toddlers,,0,,0.00,
kids party games kids party games indoor,,0,,0.00,
kids party indoor games,,0,,0.00,
kids physical games indoor,,0,,0.00,
kids play games indoor,,0,,0.00,
kids play indoor games,,0,,0.00,
kids playing indoor games,,0,,0.00,
kids relay games indoor,,0,,0.00,
kids school games indoor,,0,,0.00,
kids sitting games indoor,,0,,0.00,
kids summer games indoor,,0,,0.00,
kids summer indoor games,,0,,0.00,
kids team building games indoor,,0,,0.00,
kids team games indoor,,0,,0.00,
kids thanksgiving games indoor,,0,,0.00,
kindergarten indoor games for kids,,0,,0.00,
large group games for kids indoors,,0,,0.00,
large group games indoors kids camp,,0,,0.00,
large group indoor games 3 year olds,,0,,0.00,
large group indoor games for kids,,0,,0.00,
large group kids indoor games,,0,,0.00,
largest indoor kids games houston,,0,,0.00,
latest kids indoor games,,0,,0.00,
learning games to play with kids indoors,,0,,0.00,
life hacks for kids indoor games,,0,,0.00,
list of indoor games for kids,,0,,0.00,
little kid indoor games,,0,,0.00,
long indoor games to play with kids,,0,,0.00,
mini games for kids indoor,,0,,0.00,
minute fun easy indoor games for kids,,0,,0.00,
minute to win it fun easy indoor games for kids,,0,,0.00,
nature games for kids indoors,,0,,0.00,
nearby indoor games for kids,,0,,0.00,
new game for kids indoor,,0,,0.00,
new games for kids indoor,,0,,0.00,
new indoor games for kids,,0,,0.00,
old age indoor games,,0,,0.00,
old childhood indoor games,,0,,0.00,
old fashioned games to play indoors,,0,,0.00,
old fashioned indoor games for adults,,0,,0.00,
old fashioned indoor party games,,0,,0.00,
old fashioned indoor party games for 8 year old birthday,,0,,0.00,
old indian indoor games,,0,,0.00,
old indoor games for children,,0,,0.00,
old indoor games images,,0,,0.00,
old indoor games in india,,0,,0.00,
old school children's games indoors,,0,,0.00,
old school indoor games,,0,,0.00,
old tamil indoor games,,0,,0.00,
old-fashioned indoor games,,0,,0.00,
one minute indoor games for kids,,0,,0.00,
one player indoor games for kids,,0,,0.00,
outdoor and indoor games for 7-10 year olds,,0,,0.00,
outdoor and indoor games for kids,,0,,0.00,
outdoor games for kids no equipment indoors,,0,,0.00,
outdoor or indoor games for kids,,0,,0.00,
outer space games for kids indoors,,0,,0.00,
partner games for kids indoor,,0,,0.00,
party game ideas for kids indoor,,0,,0.00,
party game indoor games for kids,,0,,0.00,
party games 5 year old birthday indoors,,0,,0.00,
party games for 10 year olds indoor no equipment,,0,,0.00,
party games for 11 year olds indoors,,0,,0.00,
party games for kids and adults indoor,,0,,0.00,
party games for kids birthday indoor,,0,,0.00,
party games for kids indoor no equipment,,0,,0.00,
party games for kids indoors,,0,,0.00,
party games for year olds indoors,,0,,0.00,
party games indoor for 6-12 year olds,,0,,0.00,
party games indoor for 612 year olds,,0,,0.00,
party games kids indoor,,0,,0.00,
party indoor games for kids,,0,,0.00,
party kid games indoor,,0,,0.00,
pe games for kids indoor,,0,,0.00,
physical activity games for kids indoors,,0,,0.00,
physical games for kids indoor,,0,,0.00,
physical games indoor for kids,,0,,0.00,
physical games indoor for kids gym,,0,,0.00,
physical indoor games for kids,,0,,0.00,
physical indoor games to play for kids,,0,,0.00,
pinterest indoor outdoor games for kids 7-11 age,,0,,0.00,
pioneer era indoor games for older kids,,0,,0.00,
pirate games for kids indoor,,0,,0.00,
place to take kids to play indoor games dallas texas,,0,,0.00,
playing indoor games for kids,,0,,0.00,
popular indoor games for 6 year olds,,0,,0.00,
popular indoor games for kids,,0,,0.00,
preschool indoor games for kids,,0,,0.00,
printable indoor games for kids,,0,,0.00,
quick indoor games for kids,,0,,0.00,
quiet games for kids indoors,,0,,0.00,
quiet indoor games for 10 year olds,,0,,0.00,
quiet indoor games for 5 year olds,,0,,0.00,
rainy day indoor games for kids,,0,,0.00,
recreational indoor table games for kids,,0,,0.00,
recreational indoor table games for kids 8 to 14,,0,,0.00,
reddit indoor games for kids,,0,,0.00,
relay games for kids indoor,,0,,0.00,
renting indoor games kids manhatten,,0,,0.00,
running games for kids indoors,,0,,0.00,
russian kids indoor games,,0,,0.00,
safe fun indoor games or balls for kids,,0,,0.00,
science games for kids indoors,,0,,0.00,
simple game for kids indoor,,0,,0.00,
simple games for kids indoor,,0,,0.00,
simple games for kids indoors,,0,,0.00,
simple games for kids to play indoors,,0,,0.00,
simple indoor birthday party games for kids,,0,,0.00,
simple indoor games for 13 year old boys birthday,,0,,0.00,
simple indoor games for 3 year olds,,0,,0.00,
simple indoor games to play with kids,,0,,0.00,
simple indoor team building games for kids,,0,,0.00,
simple kids games indoor,,0,,0.00,
single player indoor games for kids,,0,,0.00,
small group games for kids indoors,,0,,0.00,
small group games indoor kids,,0,,0.00,
small indoor games for kids,,0,,0.00,
small kids games indoor,,0,,0.00,
soccer indoor game for kids,,0,,0.00,
social distancing games for kids indoors,,0,,0.00,
social distancing indoor games for kids,,0,,0.00,
space games for kids indoor,,0,,0.00,
spontaneous indoor games to play with kids,,0,,0.00,
sports games for kids indoor,,0,,0.00,
spring games for kids indoors,,0,,0.00,
spring indoor games for kids,,0,,0.00,
spring themed games for kids indoors,,0,,0.00,
summer camp indoor games for kids,,0,,0.00,
summer games for kids indoor,,0,,0.00,
summer games for kids indoors,,0,,0.00,
summer indoor games for group of kids,,0,,0.00,
summer indoor games for kids,,0,,0.00,
summer indoor kids games,,0,,0.00,
team building games for kids indoors,,0,,0.00,
team building games indoor for kids,,0,,0.00,
team building indoor games for kids,,0,,0.00,
team games for kids indoors,,0,,0.00,
teamwork games for kids indoor,,0,,0.00,
thanksgiving indoor games for kids,,0,,0.00,
the indoor kids game grumps,,0,,0.00,
the indoor kids getting grumpy with the game grumps,,0,,0.00,
toddler party activities party games for 3 year olds indoors,,0,,0.00,
top 10 indoor games for kids,,0,,0.00,
top fun indoor games for kids,,0,,0.00,
top indoor kid activity games,,0,,0.00,
top kid indoor games nyc,,0,,0.00,
toy soccer game for a 3yr old girl for indoors,,0,,0.00,
traditional games for kids indoor,,0,,0.00,
unique indoor games for kids,,0,,0.00,
unique indoor games for kids elementary schol,,0,,0.00,
unique indoor games for kids elementary school,,0,,0.00,
very fun indoor games with 6-12 year olds,,0,,0.00,
very fun indoor games with 6-8 year olds,,0,,0.00,
wedding games for kids indoor,,0,,0.00,
what are good indoor games for a 11 year old,,0,,0.00,
what are some fun indoor games for kids,,0,,0.00,
what games to play with kids indoors,,0,,0.00,
what indoor games to play with 2 year old,,0,,0.00,
what indoor games to play with kids,,0,,0.00,
what is indoor games for kids,,0,,0.00,
where to buy kids indoor horse shoe game,,0,,0.00,
williamsburg hotel with game room kid indoor pool,,0,,0.00,
winter games for kids indoors,,0,,0.00,
winter olympic games for kids indoors,,0,,0.00,
winter themed games for kids indoors,,0,,0.00,
winter themed indoor games for kids,,0,,0.00,
wjat games i can play indoor with 7 year old,,0,,0.00,
